{
    "results": {
        "tool": {
            "name": "pytest",
            "version": "8.4.1"
        },
        "summary": {
            "tests": 2,
            "passed": 2,
            "failed": 0,
            "skipped": 0,
            "pending": 0,
            "other": 0,
            "start": 1780387939.0993736,
            "stop": 1780387939.1574016
        },
        "tests": [
            {
                "name": "test_outputs.py::test_result_exists",
                "status": "passed",
                "duration": 0.00045961301657371223,
                "start": 1780387939.1551592,
                "stop": 1780387939.155817,
                "retries": 0,
                "file_path": "test_outputs.py"
            },
            {
                "name": "test_outputs.py::test_data_matches",
                "status": "passed",
                "duration": 0.0010837539448402822,
                "start": 1780387939.1560185,
                "stop": 1780387939.1572306,
                "retries": 0,
                "file_path": "test_outputs.py"
            }
        ]
    }
}