{
    "results": {
        "tool": {
            "name": "pytest",
            "version": "8.4.1"
        },
        "summary": {
            "tests": 1,
            "passed": 1,
            "failed": 0,
            "skipped": 0,
            "pending": 0,
            "other": 0,
            "start": 1780386458.3699787,
            "stop": 1780386458.438877
        },
        "tests": [
            {
                "name": "test_outputs.py::test_json_data",
                "status": "passed",
                "duration": 0.0005997359985485673,
                "start": 1780386458.437876,
                "stop": 1780386458.4387004,
                "retries": 0,
                "file_path": "test_outputs.py"
            }
        ]
    }
}