{
    "results": {
        "tool": {
            "name": "pytest",
            "version": "8.4.1"
        },
        "summary": {
            "tests": 2,
            "passed": 2,
            "failed": 0,
            "skipped": 0,
            "pending": 0,
            "other": 0,
            "start": 1780389917.3408902,
            "stop": 1780389917.3593957
        },
        "tests": [
            {
                "name": "test_outputs.py::test_output_file_exists",
                "status": "passed",
                "duration": 0.0005405539995990694,
                "start": 1780389917.3576317,
                "stop": 1780389917.358409,
                "retries": 0,
                "file_path": "test_outputs.py"
            },
            {
                "name": "test_outputs.py::test_output_is_correct",
                "status": "passed",
                "duration": 0.0004745899641420692,
                "start": 1780389917.358613,
                "stop": 1780389917.3592324,
                "retries": 0,
                "file_path": "test_outputs.py"
            }
        ]
    }
}