{
    "results": {
        "tool": {
            "name": "pytest",
            "version": "8.4.1"
        },
        "summary": {
            "tests": 2,
            "passed": 2,
            "failed": 0,
            "skipped": 0,
            "pending": 0,
            "other": 0,
            "start": 1780382889.836129,
            "stop": 1780382889.9543
        },
        "tests": [
            {
                "name": "test_outputs.py::test_about_file",
                "status": "passed",
                "duration": 0.004518552013905719,
                "start": 1780382889.9475093,
                "stop": 1780382889.9524722,
                "retries": 0,
                "file_path": "test_outputs.py"
            },
            {
                "name": "test_outputs.py::test_layout_file",
                "status": "passed",
                "duration": 0.001025895995553583,
                "start": 1780382889.9528332,
                "stop": 1780382889.9540615,
                "retries": 0,
                "file_path": "test_outputs.py"
            }
        ]
    }
}