{
    "results": {
        "tool": {
            "name": "pytest",
            "version": "8.4.1"
        },
        "summary": {
            "tests": 2,
            "passed": 2,
            "failed": 0,
            "skipped": 0,
            "pending": 0,
            "other": 0,
            "start": 1780382756.1008768,
            "stop": 1780382756.4243019
        },
        "tests": [
            {
                "name": "test_outputs.py::test_extract_js_exists",
                "status": "passed",
                "duration": 0.00046490400563925505,
                "start": 1780382756.1614773,
                "stop": 1780382756.1621487,
                "retries": 0,
                "file_path": "test_outputs.py"
            },
            {
                "name": "test_outputs.py::test_output_matches_reference",
                "status": "passed",
                "duration": 0.2615701270115096,
                "start": 1780382756.1623182,
                "stop": 1780382756.424097,
                "retries": 0,
                "file_path": "test_outputs.py"
            }
        ]
    }
}