{
    "results": {
        "tool": {
            "name": "pytest",
            "version": "8.4.1"
        },
        "summary": {
            "tests": 2,
            "passed": 2,
            "failed": 0,
            "skipped": 0,
            "pending": 0,
            "other": 0,
            "start": 1780380892.065084,
            "stop": 1780380892.1471155
        },
        "tests": [
            {
                "name": "test_outputs.py::test_summary_file_exists",
                "status": "passed",
                "duration": 0.0005457560473587364,
                "start": 1780380892.1453097,
                "stop": 1780380892.1461005,
                "retries": 0,
                "file_path": "test_outputs.py"
            },
            {
                "name": "test_outputs.py::test_summary_structure_and_counts",
                "status": "passed",
                "duration": 0.0004960230144206434,
                "start": 1780380892.1463072,
                "stop": 1780380892.146946,
                "retries": 0,
                "file_path": "test_outputs.py"
            }
        ]
    }
}