{
    "results": {
        "tool": {
            "name": "pytest",
            "version": "8.4.1"
        },
        "summary": {
            "tests": 1,
            "passed": 1,
            "failed": 0,
            "skipped": 0,
            "pending": 0,
            "other": 0,
            "start": 1780381451.8398821,
            "stop": 1780381451.9167333
        },
        "tests": [
            {
                "name": "test_outputs.py::test_gblock",
                "status": "passed",
                "duration": 0.0017677069699857384,
                "start": 1780381451.914491,
                "stop": 1780381451.9165273,
                "retries": 0,
                "file_path": "test_outputs.py"
            }
        ]
    }
}