{
    "results": {
        "tool": {
            "name": "pytest",
            "version": "8.4.1"
        },
        "summary": {
            "tests": 1,
            "passed": 1,
            "failed": 0,
            "skipped": 0,
            "pending": 0,
            "other": 0,
            "start": 1780383950.5720887,
            "stop": 1780383950.653943
        },
        "tests": [
            {
                "name": "test_outputs.py::test_move_correct",
                "status": "passed",
                "duration": 0.0004977240168955177,
                "start": 1780383950.6530998,
                "stop": 1780383950.6537833,
                "retries": 0,
                "file_path": "test_outputs.py"
            }
        ]
    }
}