{
    "results": {
        "tool": {
            "name": "pytest",
            "version": "8.4.1"
        },
        "summary": {
            "tests": 2,
            "passed": 2,
            "failed": 0,
            "skipped": 0,
            "pending": 0,
            "other": 0,
            "start": 1780386340.3740995,
            "stop": 1780386340.4425826
        },
        "tests": [
            {
                "name": "test_outputs.py::test_recovery_file_exists",
                "status": "passed",
                "duration": 0.0004389729874674231,
                "start": 1780386340.441142,
                "stop": 1780386340.4417737,
                "retries": 0,
                "file_path": "test_outputs.py"
            },
            {
                "name": "test_outputs.py::test_password_match",
                "status": "passed",
                "duration": 0.00039594300324097276,
                "start": 1780386340.4419358,
                "stop": 1780386340.442448,
                "retries": 0,
                "file_path": "test_outputs.py"
            }
        ]
    }
}