{
    "results": {
        "tool": {
            "name": "pytest",
            "version": "8.4.1"
        },
        "summary": {
            "tests": 2,
            "passed": 2,
            "failed": 0,
            "skipped": 0,
            "pending": 0,
            "other": 0,
            "start": 1780386607.7476304,
            "stop": 1780386609.378189
        },
        "tests": [
            {
                "name": "test_outputs.py::test_modernized_code_runs",
                "status": "passed",
                "duration": 1.6016264450154267,
                "start": 1780386607.7751675,
                "stop": 1780386609.3771143,
                "retries": 0,
                "file_path": "test_outputs.py"
            },
            {
                "name": "test_outputs.py::test_dependency_file_exists",
                "status": "passed",
                "duration": 0.00047495096805505455,
                "start": 1780386609.3773904,
                "stop": 1780386609.3780131,
                "retries": 0,
                "file_path": "test_outputs.py"
            }
        ]
    }
}