{
    "results": {
        "tool": {
            "name": "pytest",
            "version": "8.4.1"
        },
        "summary": {
            "tests": 2,
            "passed": 2,
            "failed": 0,
            "skipped": 0,
            "pending": 0,
            "other": 0,
            "start": 1780382428.630963,
            "stop": 1780382428.7233272
        },
        "tests": [
            {
                "name": "test_outputs.py::test_solution_file",
                "status": "passed",
                "duration": 0.0006255729822441936,
                "start": 1780382428.7212825,
                "stop": 1780382428.7221956,
                "retries": 0,
                "file_path": "test_outputs.py"
            },
            {
                "name": "test_outputs.py::test_solution_content",
                "status": "passed",
                "duration": 0.0005555920070037246,
                "start": 1780382428.7224188,
                "stop": 1780382428.723129,
                "retries": 0,
                "file_path": "test_outputs.py"
            }
        ]
    }
}