{
    "results": {
        "tool": {
            "name": "pytest",
            "version": "8.4.1"
        },
        "summary": {
            "tests": 1,
            "passed": 1,
            "failed": 0,
            "skipped": 0,
            "pending": 0,
            "other": 0,
            "start": 1780382048.6894321,
            "stop": 1780382048.7109578
        },
        "tests": [
            {
                "name": "test_outputs.py::test_attack",
                "status": "passed",
                "duration": 0.0006273480248637497,
                "start": 1780382048.7098727,
                "stop": 1780382048.7108412,
                "retries": 0,
                "file_path": "test_outputs.py"
            }
        ]
    }
}